Instance_Name,Index,Number_Of_Customers,Number_Of_Hotels,Objective_Value,Sum_of_Trips,Penalties,Hotel_Fees,Max_Trip_Length,Number_Of_Trips,Prize,Time,Trace
test,0,3,2,1070,970,0,100,600,2,2000,0.00014543533325195312,[1070]
test,1,3,2,1280,480,800,0,480,1,1000,3.123283386230469e-05,[1280]
test,2,3,2,1280,980,300,0,500,2,1100,0.0001533031463623047,[1280]
test,3,3,2,1280,480,800,0,480,1,1000,3.314018249511719e-05,[1280]
test,4,3,2,1280,480,800,0,480,1,1000,2.9802322387695312e-05,[1280]
test,5,3,2,1280,480,800,0,480,1,1000,3.147125244140625e-05,[1280]
test,6,3,2,1280,480,800,0,480,1,1000,3.62396240234375e-05,[1280]
test,7,3,2,1070,970,0,100,600,2,2000,0.0001437664031982422,[1070]
test,8,3,2,1070,970,0,100,600,2,2000,0.00019407272338867188,[1070]
test,9,3,2,1280,980,300,0,500,2,1100,0.000148773193359375,[1280]
test,10,3,2,1280,480,800,0,480,1,1000,3.0040740966796875e-05,[1280]
test,11,3,2,1070,970,0,100,600,2,2000,0.00013875961303710938,[1070]
test,12,3,2,1280,480,800,0,480,1,1000,2.956390380859375e-05,[1280]
test,13,3,2,1280,980,300,0,500,2,1100,0.00016617774963378906,[1280]
test,14,3,2,1280,480,800,0,480,1,1000,3.409385681152344e-05,[1280]
test,15,3,2,1280,480,800,0,480,1,1000,5.173683166503906e-05,[1280]
test,16,3,2,1070,970,0,100,600,2,2000,0.0002994537353515625,[1070]
test,17,3,2,1280,480,800,0,480,1,1000,4.315376281738281e-05,[1280]
test,18,3,2,1280,480,800,0,480,1,1000,3.266334533691406e-05,[1280]
test,19,3,2,1280,480,800,0,480,1,1000,4.57763671875e-05,[1280]
test,20,3,2,1280,480,800,0,480,1,1000,5.14984130859375e-05,[1280]
test,21,3,2,1280,480,800,0,480,1,1000,4.935264587402344e-05,[1280]
test,22,3,2,1280,980,300,0,500,2,1100,0.00012421607971191406,[1280]
test,23,3,2,1280,480,800,0,480,1,1000,7.128715515136719e-05,[1280]
test,24,3,2,1280,480,800,0,480,1,1000,3.4809112548828125e-05,[1280]
test,25,3,2,1280,980,300,0,500,2,1100,0.00012564659118652344,[1280]
test,26,3,2,1070,970,0,100,600,2,2000,0.000156402587890625,[1070]
test,27,3,2,1070,970,0,100,600,2,2000,0.00020074844360351562,[1070]
test,28,3,2,1070,970,0,100,600,2,2000,0.00018978118896484375,[1070]
test,29,3,2,1280,480,800,0,480,1,1000,3.6716461181640625e-05,[1280]
test,30,3,2,1280,980,300,0,500,2,1100,0.000125885009765625,[1280]
test,31,3,2,1280,480,800,0,480,1,1000,4.673004150390625e-05,[1280]
test,32,3,2,1280,480,800,0,480,1,1000,4.482269287109375e-05,[1280]
test,33,3,2,1280,480,800,0,480,1,1000,3.7670135498046875e-05,[1280]
test,34,3,2,1280,480,800,0,480,1,1000,3.2901763916015625e-05,[1280]
test,35,3,2,1280,980,300,0,500,2,1100,0.0001361370086669922,[1280]
test,36,3,2,1280,480,800,0,480,1,1000,5.9604644775390625e-05,[1280]
test,37,3,2,1280,480,800,0,480,1,1000,3.504753112792969e-05,[1280]
test,38,3,2,1070,970,0,100,600,2,2000,0.00016379356384277344,[1070]
test,39,3,2,1280,480,800,0,480,1,1000,3.314018249511719e-05,[1280]
test,40,3,2,1280,480,800,0,480,1,1000,3.695487976074219e-05,[1280]
test,41,3,2,1280,480,800,0,480,1,1000,3.62396240234375e-05,[1280]
test,42,3,2,1280,480,800,0,480,1,1000,3.361701965332031e-05,[1280]
test,43,3,2,1280,480,800,0,480,1,1000,3.266334533691406e-05,[1280]
test,44,3,2,1070,970,0,100,600,2,2000,0.00026726722717285156,[1070]
test,45,3,2,1070,970,0,100,600,2,2000,0.0001926422119140625,[1070]
test,46,3,2,1280,480,800,0,480,1,1000,5.5789947509765625e-05,[1280]
test,47,3,2,1280,480,800,0,480,1,1000,4.76837158203125e-05,[1280]
test,48,3,2,1070,970,0,100,600,2,2000,0.0002467632293701172,[1070]
test,49,3,2,1070,970,0,100,600,2,2000,0.00021147727966308594,[1070]
rc101_1,0,10,2,100259,259,0,100000,154,2,1000,0.0005867481231689453,[100259]
rc101_1,1,10,2,100305,305,0,100000,229,2,1000,0.0004184246063232422,[100305]
rc101_1,2,10,2,100303,303,0,100000,215,2,1000,0.0004901885986328125,[100303]
rc101_1,3,10,2,100272,272,0,100000,167,2,1000,0.0005152225494384766,[100272]
rc101_1,4,10,2,200507,507,0,200000,234,3,1000,0.0004792213439941406,[200507]
rc101_1,5,10,2,100298,298,0,100000,210,2,1000,0.00034046173095703125,[100298]
rc101_1,6,10,2,100296,296,0,100000,208,2,1000,0.00043201446533203125,[100296]
rc101_1,7,10,2,100267,267,0,100000,162,2,1000,0.0005052089691162109,[100267]
rc101_1,8,10,2,200528,528,0,200000,228,3,1000,0.0004875659942626953,[200528]
rc101_1,9,10,2,100459,459,0,100000,232,2,1000,0.00039196014404296875,[100459]
rc101_1,10,10,2,100342,342,0,100000,186,2,1000,0.0003910064697265625,[100342]
rc101_1,11,10,2,100309,309,0,100000,221,2,1000,0.0003383159637451172,[100309]
rc101_1,12,10,2,100305,305,0,100000,210,2,1000,0.0003647804260253906,[100305]
rc101_1,13,10,2,100458,458,0,100000,236,2,1000,0.0003750324249267578,[100458]
rc101_1,14,10,2,100268,268,0,100000,163,2,1000,0.0004620552062988281,[100268]
rc101_1,15,10,2,100456,456,0,100000,239,2,1000,0.0004553794860839844,[100456]
rc101_1,16,10,2,100316,316,0,100000,221,2,1000,0.000415802001953125,[100316]
rc101_1,17,10,2,100273,273,0,100000,235,2,1000,0.0003409385681152344,[100273]
rc101_1,18,10,2,200505,505,0,200000,235,3,1000,0.00046825408935546875,[200505]
rc101_1,19,10,2,100451,451,0,100000,240,2,1000,0.0003764629364013672,[100451]
rc101_1,20,10,2,100403,403,0,100000,208,2,1000,0.00042438507080078125,[100403]
rc101_1,21,10,2,100315,315,0,100000,239,2,1000,0.000560760498046875,[100315]
rc101_1,22,10,2,200526,526,0,200000,232,3,1000,0.00046253204345703125,[200526]
rc101_1,23,10,2,100452,452,0,100000,228,2,1000,0.000335693359375,[100452]
rc101_1,24,10,2,100315,315,0,100000,227,2,1000,0.000354766845703125,[100315]
rc101_1,25,10,2,100344,344,0,100000,188,2,1000,0.0003268718719482422,[100344]
rc101_1,26,10,2,100463,463,0,100000,235,2,1000,0.00042176246643066406,[100463]
rc101_1,27,10,2,100311,311,0,100000,223,2,1000,0.00034308433532714844,[100311]
rc101_1,28,10,2,100309,309,0,100000,233,2,1000,0.0004146099090576172,[100309]
rc101_1,29,10,2,100297,297,0,100000,202,2,1000,0.0003342628479003906,[100297]
rc101_1,30,10,2,100308,308,0,100000,213,2,1000,0.00036072731018066406,[100308]
rc101_1,31,10,2,100307,307,0,100000,231,2,1000,0.00037980079650878906,[100307]
rc101_1,32,10,2,100439,439,0,100000,236,2,1000,0.0003933906555175781,[100439]
rc101_1,33,10,2,100292,292,0,100000,197,2,1000,0.0004630088806152344,[100292]
rc101_1,34,10,2,100455,455,0,100000,238,2,1000,0.0003323554992675781,[100455]
rc101_1,35,10,2,100265,265,0,100000,160,2,1000,0.0003705024719238281,[100265]
rc101_1,36,10,2,100301,301,0,100000,213,2,1000,0.0003509521484375,[100301]
rc101_1,37,10,2,100467,467,0,100000,236,2,1000,0.0002868175506591797,[100467]
rc101_1,38,10,2,100421,421,0,100000,218,2,1000,0.0004363059997558594,[100421]
rc101_1,39,10,2,100307,307,0,100000,231,2,1000,0.00044465065002441406,[100307]
rc101_1,40,10,2,100289,289,0,100000,184,2,1000,0.0004382133483886719,[100289]
rc101_1,41,10,2,100460,460,0,100000,235,2,1000,0.00044608116149902344,[100460]
rc101_1,42,10,2,100295,295,0,100000,207,2,1000,0.0003349781036376953,[100295]
rc101_1,43,10,2,100303,303,0,100000,215,2,1000,0.0003476142883300781,[100303]
rc101_1,44,10,2,100420,420,0,100000,229,2,1000,0.0003979206085205078,[100420]
rc101_1,45,10,2,100263,263,0,100000,158,2,1000,0.00044274330139160156,[100263]
rc101_1,46,10,2,100309,309,0,100000,214,2,1000,0.0003566741943359375,[100309]
rc101_1,47,10,2,100405,405,0,100000,203,2,1000,0.00041985511779785156,[100405]
rc101_1,48,10,2,100458,458,0,100000,235,2,1000,0.0003895759582519531,[100458]
rc101_1,49,10,2,100318,318,0,100000,223,2,1000,0.0004284381866455078,[100318]
pr8_1,0,30,2,102611,2611,0,100000,1996,2,3000,0.0014495849609375,[102611]
pr8_1,1,30,2,102906,2906,0,100000,1996,2,3000,0.0009565353393554688,[102906]
pr8_1,2,30,2,306877,6877,0,300000,1897,4,3000,0.0012269020080566406,[306877]
pr8_1,3,30,2,102713,2713,0,100000,1921,2,3000,0.0012364387512207031,[102713]
pr8_1,4,30,2,102582,2582,0,100000,1984,2,3000,0.0009334087371826172,[102582]
pr8_1,5,30,2,102980,2980,0,100000,1896,2,3000,0.0010669231414794922,[102980]
pr8_1,6,30,2,102949,2949,0,100000,1953,2,3000,0.001207113265991211,[102949]
pr8_1,7,30,2,306983,6983,0,300000,1873,4,3000,0.0014090538024902344,[306983]
pr8_1,8,30,2,102810,2810,0,100000,1988,2,3000,0.0009379386901855469,[102810]
pr8_1,9,30,2,102672,2672,0,100000,1985,2,3000,0.0009315013885498047,[102672]
pr8_1,10,30,2,102991,2991,0,100000,1895,2,3000,0.00101470947265625,[102991]
pr8_1,11,30,2,102658,2658,0,100000,1935,2,3000,0.0010998249053955078,[102658]
pr8_1,12,30,2,102574,2574,0,100000,1999,2,3000,0.0009417533874511719,[102574]
pr8_1,13,30,2,102668,2668,0,100000,1960,2,3000,0.0011730194091796875,[102668]
pr8_1,14,30,2,102751,2751,0,100000,1888,2,3000,0.0009441375732421875,[102751]
pr8_1,15,30,2,102934,2934,0,100000,1996,2,3000,0.0009772777557373047,[102934]
pr8_1,16,30,2,102520,2520,0,100000,1967,2,3000,0.0009136199951171875,[102520]
pr8_1,17,30,2,307031,7031,0,300000,1895,4,3000,0.0012269020080566406,[307031]
pr8_1,18,30,2,307169,7169,0,300000,1903,4,3000,0.0012085437774658203,[307169]
pr8_1,19,30,2,102714,2714,0,100000,1861,2,3000,0.0009603500366210938,[102714]
pr8_1,20,30,2,102743,2743,0,100000,1967,2,3000,0.0009670257568359375,[102743]
pr8_1,21,30,2,102631,2631,0,100000,1817,2,3000,0.0009903907775878906,[102631]
pr8_1,22,30,2,102816,2816,0,100000,1918,2,3000,0.0009768009185791016,[102816]
pr8_1,23,30,2,102631,2631,0,100000,1957,2,3000,0.0009605884552001953,[102631]
pr8_1,24,30,2,307137,7137,0,300000,2000,4,3000,0.0011529922485351562,[307137]
pr8_1,25,30,2,102821,2821,0,100000,1953,2,3000,0.0009829998016357422,[102821]
pr8_1,26,30,2,102728,2728,0,100000,1989,2,3000,0.000934600830078125,[102728]
pr8_1,27,30,2,102838,2838,0,100000,1952,2,3000,0.0010883808135986328,[102838]
pr8_1,28,30,2,102498,2498,0,100000,1968,2,3000,0.0009140968322753906,[102498]
pr8_1,29,30,2,102906,2906,0,100000,1982,2,3000,0.0010538101196289062,[102906]
pr8_1,30,30,2,102666,2666,0,100000,1842,2,3000,0.0009720325469970703,[102666]
pr8_1,31,30,2,102879,2879,0,100000,1844,2,3000,0.0009806156158447266,[102879]
pr8_1,32,30,2,307098,7098,0,300000,1981,4,3000,0.0012698173522949219,[307098]
pr8_1,33,30,2,102931,2931,0,100000,1918,2,3000,0.0009794235229492188,[102931]
pr8_1,34,30,2,102505,2505,0,100000,1954,2,3000,0.0010766983032226562,[102505]
pr8_1,35,30,2,102650,2650,0,100000,1896,2,3000,0.0009446144104003906,[102650]
pr8_1,36,30,2,102640,2640,0,100000,1860,2,3000,0.0009946823120117188,[102640]
pr8_1,37,30,2,306807,6807,0,300000,1999,4,3000,0.0011734962463378906,[306807]
pr8_1,38,30,2,102757,2757,0,100000,1986,2,3000,0.0009679794311523438,[102757]
pr8_1,39,30,2,102852,2852,0,100000,1946,2,3000,0.001119852066040039,[102852]
pr8_1,40,30,2,102818,2818,0,100000,1959,2,3000,0.0009372234344482422,[102818]
pr8_1,41,30,2,307066,7066,0,300000,1952,4,3000,0.0012373924255371094,[307066]
pr8_1,42,30,2,307163,7163,0,300000,1923,4,3000,0.0014166831970214844,[307163]
pr8_1,43,30,2,102805,2805,0,100000,1934,2,3000,0.0009620189666748047,[102805]
pr8_1,44,30,2,307008,7008,0,300000,1986,4,3000,0.001201629638671875,[307008]
pr8_1,45,30,2,102692,2692,0,100000,1890,2,3000,0.0009777545928955078,[102692]
pr8_1,46,30,2,102750,2750,0,100000,1908,2,3000,0.000988006591796875,[102750]
pr8_1,47,30,2,102670,2670,0,100000,1980,2,3000,0.000993490219116211,[102670]
pr8_1,48,30,2,306850,6850,0,300000,1930,4,3000,0.0012164115905761719,[306850]
pr8_1,49,30,2,306984,6984,0,300000,1964,4,3000,0.001287221908569336,[306984]
eil51_1,0,50,1,100589,406,183,100000,335,2,594,0.0011775493621826172,[100589]
eil51_1,1,50,1,100642,448,194,100000,343,2,583,0.0012912750244140625,[100642]
eil51_1,2,50,1,200887,709,178,200000,346,3,599,0.0018160343170166016,[200887]
eil51_1,3,50,1,201033,854,179,200000,345,3,598,0.0019631385803222656,[201033]
eil51_1,4,50,1,100797,609,188,100000,321,2,589,0.0012738704681396484,[100797]
eil51_1,5,50,1,100579,410,169,100000,331,2,608,0.0012559890747070312,[100579]
eil51_1,6,50,1,100657,482,175,100000,336,2,602,0.0012233257293701172,[100657]
eil51_1,7,50,1,100674,489,185,100000,347,2,592,0.0013041496276855469,[100674]
eil51_1,8,50,1,100628,446,182,100000,343,2,595,0.0011036396026611328,[100628]
eil51_1,9,50,1,100802,608,194,100000,339,2,583,0.00116729736328125,[100802]
eil51_1,10,50,1,100640,460,180,100000,347,2,597,0.0012063980102539062,[100640]
eil51_1,11,50,1,100712,520,192,100000,344,2,585,0.0012786388397216797,[100712]
eil51_1,12,50,1,100667,474,193,100000,343,2,584,0.0010991096496582031,[100667]
eil51_1,13,50,1,100588,408,180,100000,344,2,597,0.0011250972747802734,[100588]
eil51_1,14,50,1,100773,584,189,100000,341,2,588,0.0014641284942626953,[100773]
eil51_1,15,50,1,100657,479,178,100000,325,2,599,0.0012860298156738281,[100657]
eil51_1,16,50,1,100831,638,193,100000,345,2,584,0.0014226436614990234,[100831]
eil51_1,17,50,1,100694,513,181,100000,339,2,596,0.0011239051818847656,[100694]
eil51_1,18,50,1,540,346,194,0,346,1,583,0.0009107589721679688,[540]
eil51_1,19,50,1,100632,438,194,100000,342,2,583,0.0015795230865478516,[100632]
eil51_1,20,50,1,100582,388,194,100000,347,2,583,0.0010700225830078125,[100582]
eil51_1,21,50,1,200982,800,182,200000,349,3,595,0.0018579959869384766,[200982]
eil51_1,22,50,1,200936,748,188,200000,345,3,589,0.0012466907501220703,[200936]
eil51_1,23,50,1,100605,412,193,100000,347,2,584,0.0011708736419677734,[100605]
eil51_1,24,50,1,100597,416,181,100000,348,2,596,0.0011746883392333984,[100597]
eil51_1,25,50,1,100652,460,192,100000,350,2,585,0.0011513233184814453,[100652]
eil51_1,26,50,1,100610,428,182,100000,350,2,595,0.0015902519226074219,[100610]
eil51_1,27,50,1,100630,447,183,100000,342,2,594,0.0011224746704101562,[100630]
eil51_1,28,50,1,100663,469,194,100000,347,2,583,0.0010890960693359375,[100663]
eil51_1,29,50,1,100701,530,171,100000,348,2,606,0.0013623237609863281,[100701]
eil51_1,30,50,1,100637,452,185,100000,346,2,592,0.0010955333709716797,[100637]
eil51_1,31,50,1,100614,429,185,100000,335,2,592,0.001149892807006836,[100614]
eil51_1,32,50,1,100602,411,191,100000,347,2,586,0.0011060237884521484,[100602]
eil51_1,33,50,1,100698,517,181,100000,348,2,596,0.0014400482177734375,[100698]
eil51_1,34,50,1,100625,438,187,100000,345,2,590,0.0012323856353759766,[100625]
eil51_1,35,50,1,100727,547,180,100000,348,2,597,0.0013890266418457031,[100727]
eil51_1,36,50,1,100585,392,193,100000,348,2,584,0.0011277198791503906,[100585]
eil51_1,37,50,1,100757,569,188,100000,350,2,589,0.0011754035949707031,[100757]
eil51_1,38,50,1,100787,598,189,100000,350,2,588,0.0012514591217041016,[100787]
eil51_1,39,50,1,100762,569,193,100000,330,2,584,0.0014362335205078125,[100762]
eil51_1,40,50,1,100593,403,190,100000,350,2,587,0.001089334487915039,[100593]
eil51_1,41,50,1,100650,464,186,100000,341,2,591,0.0011036396026611328,[100650]
eil51_1,42,50,1,100713,528,185,100000,332,2,592,0.0013582706451416016,[100713]
eil51_1,43,50,1,100680,486,194,100000,337,2,583,0.0011343955993652344,[100680]
eil51_1,44,50,1,100683,495,188,100000,341,2,589,0.0011608600616455078,[100683]
eil51_1,45,50,1,201139,956,183,200000,331,3,594,0.002035856246948242,[201139]
eil51_1,46,50,1,100639,445,194,100000,324,2,583,0.0011186599731445312,[100639]
eil51_1,47,50,1,100790,597,193,100000,319,2,584,0.0014548301696777344,[100790]
eil51_1,48,50,1,100611,420,191,100000,338,2,586,0.0010557174682617188,[100611]
eil51_1,49,50,1,100601,407,194,100000,339,2,583,0.0011169910430908203,[100601]
berlin51_1,0,51,10,1313855,13855,0,1300000,1146,14,5100,0.007704257965087891,[1313855]
berlin51_1,1,51,10,1314003,14003,0,1300000,1141,14,5100,0.0030820369720458984,[1314003]
berlin51_1,2,51,10,1515450,15450,0,1500000,1145,16,5100,0.01229405403137207,[1515450]
berlin51_1,3,51,10,1313266,13266,0,1300000,1135,14,5100,0.0031125545501708984,[1313266]
berlin51_1,4,51,10,1413970,13970,0,1400000,1084,15,5100,0.06832122802734375,[1413970]
berlin51_1,5,51,10,1313519,13519,0,1300000,1098,14,5100,0.0023872852325439453,[1313519]
berlin51_1,6,51,10,1413199,13199,0,1400000,1118,15,5100,0.002930879592895508,[1413199]
berlin51_1,7,51,10,1414375,14375,0,1400000,1127,15,5100,0.0026159286499023438,[1414375]
berlin51_1,8,51,10,1313666,13666,0,1300000,1135,14,5100,0.003324747085571289,[1313666]
berlin51_1,9,51,10,1314196,14196,0,1300000,1147,14,5100,0.002269744873046875,[1314196]
berlin51_1,10,51,10,1515229,15229,0,1500000,1148,16,5100,0.04378628730773926,[1515229]
berlin51_1,11,51,10,1515084,15084,0,1500000,1120,16,5100,0.0025634765625,[1515084]
berlin51_1,12,51,10,1313589,13589,0,1300000,1136,14,5100,0.005059957504272461,[1313589]
berlin51_1,13,51,10,1615644,15644,0,1600000,1140,17,5100,0.01227879524230957,[1615644]
berlin51_1,14,51,10,1313777,13777,0,1300000,1141,14,5100,0.0022840499877929688,[1313777]
berlin51_1,15,51,10,1313494,13494,0,1300000,1144,14,5100,0.0024275779724121094,[1313494]
berlin51_1,16,51,10,1413731,13731,0,1400000,1139,15,5100,0.006701231002807617,[1413731]
berlin51_1,17,51,10,1413629,13629,0,1400000,1140,15,5100,0.002649545669555664,[1413629]
berlin51_1,18,51,10,1313791,13791,0,1300000,1140,14,5100,1.9142241477966309,[1313791]
berlin51_1,19,51,10,1514498,14498,0,1500000,1147,16,5100,0.002574443817138672,[1514498]
berlin51_1,20,51,10,1615905,15905,0,1600000,1144,17,5100,0.018012285232543945,[1615905]
berlin51_1,21,51,10,1211975,11975,0,1200000,1140,13,5100,0.002356290817260742,[1211975]
berlin51_1,22,51,10,1514511,14511,0,1500000,1145,16,5100,0.16903996467590332,[1514511]
berlin51_1,23,51,10,1213204,13204,0,1200000,1146,13,5100,0.0024111270904541016,[1213204]
berlin51_1,24,51,10,1313933,13933,0,1300000,1147,14,5100,0.11200690269470215,[1313933]
berlin51_1,25,51,10,1313777,13777,0,1300000,1140,14,5100,0.00805521011352539,[1313777]
berlin51_1,26,51,10,1514501,14501,0,1500000,1140,16,5100,0.2422175407409668,[1514501]
berlin51_1,27,51,10,1212857,12857,0,1200000,1143,13,5100,0.0022253990173339844,[1212857]
berlin51_1,28,51,10,1313615,13615,0,1300000,1147,14,5100,0.0038003921508789062,[1313615]
berlin51_1,29,51,10,1314540,14540,0,1300000,1143,14,5100,0.002361297607421875,[1314540]
berlin51_1,30,51,10,1514031,14031,0,1500000,1089,16,5100,0.0026297569274902344,[1514031]
berlin51_1,31,51,10,1112603,12603,0,1100000,1130,12,5100,0.002828836441040039,[1112603]
berlin51_1,32,51,10,1414143,14143,0,1400000,1141,15,5100,0.01771068572998047,[1414143]
berlin51_1,33,51,10,1514544,14544,0,1500000,1140,16,5100,0.009385347366333008,[1514544]
berlin51_1,34,51,10,1414509,14509,0,1400000,1147,15,5100,3.009927988052368,[1414509]
berlin51_1,35,51,10,1413430,13430,0,1400000,1141,15,5100,0.0027124881744384766,[1413430]
berlin51_1,36,51,10,1414814,14814,0,1400000,1147,15,5100,0.007256746292114258,[1414814]
berlin51_1,37,51,10,1414523,14523,0,1400000,1147,15,5100,0.0024614334106445312,[1414523]
berlin51_1,38,51,10,1313549,13549,0,1300000,1146,14,5100,0.008020401000976562,[1313549]
berlin51_1,39,51,10,1011423,11423,0,1000000,1139,11,5100,0.0020761489868164062,[1011423]
berlin51_1,40,51,10,1614271,14271,0,1600000,1148,17,5100,0.5627856254577637,[1614271]
berlin51_1,41,51,10,1514070,14070,0,1500000,1114,16,5100,0.0028285980224609375,[1514070]
berlin51_1,42,51,10,1413805,13805,0,1400000,1148,15,5100,0.003953456878662109,[1413805]
berlin51_1,43,51,10,1715474,15474,0,1700000,1140,18,5100,1.010561466217041,[1715474]
berlin51_1,44,51,10,1213376,13376,0,1200000,1117,13,5100,0.0021224021911621094,[1213376]
berlin51_1,45,51,10,1714475,14475,0,1700000,1084,18,5100,0.9333822727203369,[1714475]
berlin51_1,46,51,10,1514682,14682,0,1500000,1128,16,5100,0.00562739372253418,[1514682]
berlin51_1,47,51,10,1414639,14639,0,1400000,1141,15,5100,0.005015373229980469,[1414639]
berlin51_1,48,51,10,1414156,14156,0,1400000,1141,15,5100,2.6313631534576416,[1414156]
berlin51_1,49,51,10,1313159,13159,0,1300000,1139,14,5100,0.002155303955078125,[1313159]
berlin52_2,0,51,10,11164,9302,404,1458,1316,8,1372,0.06920528411865234,[11164]
berlin52_2,1,51,10,10338,8698,426,1214,1308,8,1350,3.217346429824829,[10338]
berlin52_2,2,51,10,11182,9244,436,1502,1291,8,1340,0.028015851974487305,[11182]
berlin52_2,3,51,10,10243,8371,438,1434,1290,7,1338,0.0018579959869384766,[10243]
berlin52_2,4,51,10,10683,8803,438,1442,1267,8,1338,0.13275837898254395,[10683]
berlin52_2,5,51,10,10962,9289,441,1232,1302,8,1335,0.029707670211791992,[10962]
berlin52_2,6,51,10,10713,9155,430,1128,1302,8,1346,0.3898634910583496,[10713]
berlin52_2,7,51,10,10022,8258,440,1324,1248,8,1336,0.0015141963958740234,[10022]
berlin52_2,8,51,10,11242,9302,414,1526,1311,8,1362,0.13672733306884766,[11242]
berlin52_2,9,51,10,10801,8871,420,1510,1272,8,1356,1.7029330730438232,[10801]
berlin52_2,10,51,10,10976,9032,418,1526,1306,8,1358,23.339579105377197,[10976]
berlin52_2,11,51,10,10578,8637,405,1536,1287,8,1371,5.495660066604614,[10578]
berlin52_2,12,51,10,10820,9055,407,1358,1310,8,1369,0.07465410232543945,[10820]
berlin52_2,13,51,10,11597,9476,419,1702,1312,8,1357,0.42925119400024414,[11597]
berlin52_2,14,51,10,10969,9068,419,1482,1312,8,1357,0.015550613403320312,[10969]
berlin52_2,15,51,10,11677,9607,396,1674,1306,8,1380,0.0018625259399414062,[11677]
berlin52_2,16,51,10,9804,8032,438,1334,1295,7,1338,0.002021312713623047,[9804]
berlin52_2,17,51,10,11123,9255,416,1452,1310,8,1360,0.029254436492919922,[11123]
berlin52_2,18,51,10,10387,8535,430,1422,1239,8,1346,0.005152225494384766,[10387]
berlin52_2,19,51,10,11648,9606,424,1618,1307,8,1352,0.0021860599517822266,[11648]
berlin52_2,20,51,10,10256,8493,439,1324,1300,8,1337,0.0015347003936767578,[10256]
berlin52_2,21,51,10,10316,8627,421,1268,1306,7,1355,0.0016841888427734375,[10316]
berlin52_2,22,51,10,10724,8988,406,1330,1285,8,1370,0.007488727569580078,[10724]
berlin52_2,23,51,10,8978,7435,429,1114,1314,6,1347,0.001340627670288086,[8978]
berlin52_2,24,51,10,10427,8567,438,1422,1314,8,1338,0.0018553733825683594,[10427]
berlin52_2,25,51,10,11312,9304,418,1590,1312,8,1358,0.002614259719848633,[11312]
berlin52_2,26,51,10,10903,9028,441,1434,1312,8,1335,0.006810426712036133,[10903]
berlin52_2,27,51,10,10960,9165,443,1352,1309,8,1333,0.001512289047241211,[10960]
berlin52_2,28,51,10,10876,8942,408,1526,1302,8,1368,0.002828359603881836,[10876]
berlin52_2,29,51,10,9353,7595,440,1318,1219,7,1336,0.3174314498901367,[9353]
berlin52_2,30,51,10,10446,8560,432,1454,1250,8,1344,0.002152681350708008,[10446]
berlin52_2,31,51,10,11763,9840,399,1524,1319,8,1377,0.001661062240600586,[11763]
berlin52_2,32,51,10,10114,8035,441,1638,1248,8,1335,0.9359498023986816,[10114]
berlin52_2,33,51,10,10672,8937,431,1304,1310,8,1345,2.2059104442596436,[10672]
berlin52_2,34,51,10,10876,8857,417,1602,1310,8,1359,0.7402398586273193,[10876]
berlin52_2,35,51,10,9738,8242,438,1058,1320,7,1338,0.001413106918334961,[9738]
berlin52_2,36,51,10,11223,9040,439,1744,1285,8,1337,0.541297197341919,[11223]
berlin52_2,37,51,10,11303,9619,384,1300,1308,8,1392,0.04493141174316406,[11303]
berlin52_2,38,51,10,11254,9249,433,1572,1302,8,1343,0.399794340133667,[11254]
berlin52_2,39,51,10,11041,9201,372,1468,1296,8,1404,0.0016584396362304688,[11041]
berlin52_2,40,51,10,10503,8726,381,1396,1302,8,1395,0.0013010501861572266,[10503]
berlin52_2,41,51,10,10911,8880,441,1590,1264,8,1335,14.872522354125977,[10911]
berlin52_2,42,51,10,10390,8419,435,1536,1310,8,1341,0.29700422286987305,[10390]
berlin52_2,43,51,10,10657,9054,441,1162,1302,8,1335,0.38147473335266113,[10657]
berlin52_2,44,51,10,10618,8530,430,1658,1291,8,1346,0.0019521713256835938,[10618]
berlin52_2,45,51,10,10607,8721,432,1454,1320,8,1344,0.0016040802001953125,[10607]
berlin52_2,46,51,10,11335,9256,427,1652,1281,8,1349,0.001634359359741211,[11335]
berlin52_2,47,51,10,10536,8915,443,1178,1316,8,1333,0.28487610816955566,[10536]
berlin52_2,48,51,10,11046,9074,440,1532,1222,8,1336,0.11566662788391113,[11046]
berlin52_2,49,51,10,10168,8310,438,1420,1314,8,1338,5.020894289016724,[10168]
berlin52_3,0,51,10,8487,6645,872,970,1146,7,904,0.0014688968658447266,[8487]
berlin52_3,1,51,10,8943,6926,843,1174,1137,7,933,0.0016350746154785156,[8943]
berlin52_3,2,51,10,10365,8241,860,1264,1136,9,916,0.00174713134765625,[10365]
berlin52_3,3,51,10,10187,7869,830,1488,1148,8,946,0.001678466796875,[10187]
berlin52_3,4,51,10,9175,7175,840,1160,1131,7,936,0.0016632080078125,[9175]
berlin52_3,5,51,10,10211,8043,742,1426,1022,9,1034,0.0018835067749023438,[10211]
berlin52_3,6,51,10,9723,7547,840,1336,1079,8,936,0.0016727447509765625,[9723]
berlin52_3,7,51,10,8430,6512,878,1040,1146,7,898,0.0014178752899169922,[8430]
berlin52_3,8,51,10,8930,7105,815,1010,1135,7,961,0.0014002323150634766,[8930]
berlin52_3,9,51,10,8288,6557,791,940,1083,7,985,0.0015401840209960938,[8288]
berlin52_3,10,51,10,8512,6508,836,1168,1091,7,940,0.0013957023620605469,[8512]
berlin52_3,11,51,10,8974,6984,842,1148,1136,7,934,0.0012755393981933594,[8974]
berlin52_3,12,51,10,7369,5845,770,754,1089,6,1006,0.001199483871459961,[7369]
berlin52_3,13,51,10,9474,7379,881,1214,1142,7,895,0.0016150474548339844,[9474]
berlin52_3,14,51,10,10544,8264,846,1434,1127,8,930,0.0016553401947021484,[10544]
berlin52_3,15,51,10,10723,8289,804,1630,1121,9,972,0.0018944740295410156,[10723]
berlin52_3,16,51,10,14817,11297,778,2742,1138,11,998,0.001951456069946289,[14817]
berlin52_3,17,51,10,16873,12815,856,3202,1140,12,920,0.0028777122497558594,[16873]
berlin52_3,18,51,10,8392,6339,883,1170,1050,7,893,0.0008859634399414062,[8392]
berlin52_3,19,51,10,10366,8285,863,1218,1116,9,913,0.00213623046875,[10366]
berlin52_3,20,51,10,9990,8075,883,1032,1122,9,893,0.0030851364135742188,[9990]
berlin52_3,21,51,10,7389,5633,870,886,1125,6,906,0.0007388591766357422,[7389]
berlin52_3,22,51,10,9897,7715,818,1364,1144,9,958,0.0009441375732421875,[9897]
berlin52_3,23,51,10,9878,7699,843,1336,1147,8,933,0.0016863346099853516,[9878]
berlin52_3,24,51,10,7913,6200,827,886,1132,6,949,0.0009911060333251953,[7913]
berlin52_3,25,51,10,7386,5624,876,886,1144,6,900,0.0008394718170166016,[7386]
berlin52_3,26,51,10,6876,5103,887,886,1138,6,889,0.0008215904235839844,[6876]
berlin52_3,27,51,10,9676,7330,874,1472,1121,8,902,0.002235889434814453,[9676]
berlin52_3,28,51,10,11758,9411,833,1514,1144,12,943,0.00684809684753418,[11758]
berlin52_3,29,51,10,9782,7403,875,1504,1125,8,901,0.0016121864318847656,[9782]
berlin52_3,30,51,10,8488,6640,850,998,1126,6,926,0.001468658447265625,[8488]
berlin52_3,31,51,10,9328,7453,777,1098,1141,7,999,0.0013453960418701172,[9328]
berlin52_3,32,51,10,8111,6364,759,988,1073,7,1017,0.0012898445129394531,[8111]
berlin52_3,33,51,10,9422,7177,863,1382,1143,7,913,0.0015811920166015625,[9422]
berlin52_3,34,51,10,11154,9138,738,1278,1121,9,1038,0.0017690658569335938,[11154]
berlin52_3,35,51,10,8769,6580,877,1312,1120,7,899,0.001428842544555664,[8769]
berlin52_3,36,51,10,7909,6153,880,876,1099,7,896,0.0012421607971191406,[7909]
berlin52_3,37,51,10,10454,8229,741,1484,1140,8,1035,0.0015628337860107422,[10454]
berlin52_3,38,51,10,9382,7346,820,1216,1135,8,956,0.0015749931335449219,[9382]
berlin52_3,39,51,10,8909,6802,825,1282,1147,7,951,0.0014476776123046875,[8909]
berlin52_3,40,51,10,9099,7102,869,1128,1121,7,907,0.0012850761413574219,[9099]
berlin52_3,41,51,10,8687,6822,855,1010,1121,7,921,0.0015723705291748047,[8687]
berlin52_3,42,51,10,10570,8576,698,1296,1143,9,1078,0.0017061233520507812,[10570]
berlin52_3,43,51,10,9574,7382,838,1354,1110,8,938,0.0015273094177246094,[9574]
berlin52_3,44,51,10,9596,7306,868,1422,1131,8,908,0.001453399658203125,[9596]
berlin52_3,45,51,10,8400,6406,844,1150,1126,7,932,0.0009794235229492188,[8400]
berlin52_3,46,51,10,8530,6747,857,926,1119,7,919,0.001608133316040039,[8530]
berlin52_3,47,51,10,10151,8251,868,1032,1092,9,908,0.009883642196655273,[10151]
berlin52_3,48,51,10,9799,7729,740,1330,1142,8,1036,0.0015997886657714844,[9799]
berlin52_3,49,51,10,9308,7042,868,1398,1103,8,908,0.0014963150024414062,[9308]
rc101_2,0,100,6,802003,2003,0,800000,239,9,10000,0.0034656524658203125,[802003]
rc101_2,1,100,6,802056,2056,0,800000,240,9,10000,0.003709554672241211,[802056]
rc101_2,2,100,6,802083,2083,0,800000,239,9,10000,0.005415439605712891,[802083]
rc101_2,3,100,6,902097,2097,0,900000,239,10,10000,0.0036780834197998047,[902097]
rc101_2,4,100,6,902049,2049,0,900000,239,10,10000,0.003850698471069336,[902049]
rc101_2,5,100,6,902079,2079,0,900000,236,10,10000,0.003869771957397461,[902079]
rc101_2,6,100,6,902085,2085,0,900000,234,10,10000,0.0038106441497802734,[902085]
rc101_2,7,100,6,802016,2016,0,800000,239,9,10000,0.0034372806549072266,[802016]
rc101_2,8,100,6,902076,2076,0,900000,237,10,10000,0.0037813186645507812,[902076]
rc101_2,9,100,6,802032,2032,0,800000,240,9,10000,0.003513336181640625,[802032]
rc101_2,10,100,6,902067,2067,0,900000,235,10,10000,0.003885030746459961,[902067]
rc101_2,11,100,6,902125,2125,0,900000,236,10,10000,0.0037839412689208984,[902125]
rc101_2,12,100,6,801986,1986,0,800000,238,9,10000,0.003505229949951172,[801986]
rc101_2,13,100,6,902044,2044,0,900000,240,10,10000,0.003787994384765625,[902044]
rc101_2,14,100,6,802028,2028,0,800000,239,9,10000,0.003462553024291992,[802028]
rc101_2,15,100,6,802030,2030,0,800000,239,9,10000,0.0035355091094970703,[802030]
rc101_2,16,100,6,902150,2150,0,900000,240,10,10000,0.005612611770629883,[902150]
rc101_2,17,100,6,802055,2055,0,800000,240,9,10000,0.0035076141357421875,[802055]
rc101_2,18,100,6,802037,2037,0,800000,238,9,10000,0.003538846969604492,[802037]
rc101_2,19,100,6,802058,2058,0,800000,239,9,10000,0.0035822391510009766,[802058]
rc101_2,20,100,6,802066,2066,0,800000,239,9,10000,0.003512859344482422,[802066]
rc101_2,21,100,6,802042,2042,0,800000,237,9,10000,0.00536346435546875,[802042]
rc101_2,22,100,6,802040,2040,0,800000,240,9,10000,0.003660917282104492,[802040]
rc101_2,23,100,6,802009,2009,0,800000,240,9,10000,0.003668069839477539,[802009]
rc101_2,24,100,6,802068,2068,0,800000,240,9,10000,0.003584623336791992,[802068]
rc101_2,25,100,6,802040,2040,0,800000,239,9,10000,0.003526449203491211,[802040]
rc101_2,26,100,6,802076,2076,0,800000,239,9,10000,0.0036253929138183594,[802076]
rc101_2,27,100,6,902097,2097,0,900000,239,10,10000,0.003699779510498047,[902097]
rc101_2,28,100,6,902095,2095,0,900000,232,10,10000,0.0037539005279541016,[902095]
rc101_2,29,100,6,902107,2107,0,900000,238,10,10000,0.0036787986755371094,[902107]
rc101_2,30,100,6,802009,2009,0,800000,238,9,10000,0.0034012794494628906,[802009]
rc101_2,31,100,6,802044,2044,0,800000,240,9,10000,0.003545045852661133,[802044]
rc101_2,32,100,6,802071,2071,0,800000,239,9,10000,0.0036029815673828125,[802071]
rc101_2,33,100,6,802015,2015,0,800000,231,9,10000,0.003652811050415039,[802015]
rc101_2,34,100,6,802079,2079,0,800000,240,9,10000,0.0036203861236572266,[802079]
rc101_2,35,100,6,902103,2103,0,900000,238,10,10000,0.003702878952026367,[902103]
rc101_2,36,100,6,802022,2022,0,800000,238,9,10000,0.005437374114990234,[802022]
rc101_2,37,100,6,902111,2111,0,900000,236,10,10000,0.057463645935058594,[902111]
rc101_2,38,100,6,801962,1962,0,800000,238,9,10000,0.00334930419921875,[801962]
rc101_2,39,100,6,902092,2092,0,900000,238,10,10000,0.0037517547607421875,[902092]
rc101_2,40,100,6,902079,2079,0,900000,240,10,10000,0.005591392517089844,[902079]
rc101_2,41,100,6,802064,2064,0,800000,240,9,10000,0.0035545825958251953,[802064]
rc101_2,42,100,6,802007,2007,0,800000,240,9,10000,0.0035190582275390625,[802007]
rc101_2,43,100,6,802053,2053,0,800000,232,9,10000,0.0037050247192382812,[802053]
rc101_2,44,100,6,801960,1960,0,800000,238,9,10000,0.0034313201904296875,[801960]
rc101_2,45,100,6,902143,2143,0,900000,236,10,10000,0.00572657585144043,[902143]
rc101_2,46,100,6,802026,2026,0,800000,240,9,10000,0.003490447998046875,[802026]
rc101_2,47,100,6,801987,1987,0,800000,233,9,10000,0.003573179244995117,[801987]
rc101_2,48,100,6,802021,2021,0,800000,236,9,10000,0.0034532546997070312,[802021]
rc101_2,49,100,6,801965,1965,0,800000,237,9,10000,0.003464221954345703,[801965]
rc101_3,0,100,6,3414,759,721,1934,195,4,2181,0.0028367042541503906,[3414]
rc101_3,1,100,6,2688,685,721,1282,239,3,2181,0.002526521682739258,[2688]
rc101_3,2,100,6,1654,675,713,266,237,3,2189,0.0024886131286621094,[1654]
rc101_3,3,100,6,1630,675,689,266,240,3,2213,0.002401590347290039,[1630]
rc101_3,4,100,6,3384,757,693,1934,240,4,2209,0.004524946212768555,[3384]
rc101_3,5,100,6,1959,922,704,333,240,4,2198,0.004610538482666016,[1959]
rc101_3,6,100,6,1933,724,692,517,226,4,2210,0.002841472625732422,[1933]
rc101_3,7,100,6,4284,989,709,2586,237,5,2193,0.0051348209381103516,[4284]
rc101_3,8,100,6,1897,856,708,333,235,4,2194,0.0031201839447021484,[1897]
rc101_3,9,100,6,2196,1039,713,444,240,5,2189,0.003471851348876953,[2196]
rc101_3,10,100,6,3410,741,713,1956,240,4,2189,0.0028536319732666016,[3410]
rc101_3,11,100,6,2024,894,709,421,237,4,2193,0.004289388656616211,[2024]
rc101_3,12,100,6,1977,923,721,333,239,4,2181,0.0034182071685791016,[1977]
rc101_3,13,100,6,1922,886,703,333,238,4,2199,0.0036411285400390625,[1922]
rc101_3,14,100,6,1948,860,711,377,238,4,2191,0.0031774044036865234,[1948]
rc101_3,15,100,6,1981,885,719,377,240,4,2183,0.0030715465545654297,[1981]
rc101_3,16,100,6,1870,829,708,333,232,4,2194,0.003170490264892578,[1870]
rc101_3,17,100,6,1898,778,699,421,240,4,2203,0.0024597644805908203,[1898]
rc101_3,18,100,6,1976,837,718,421,239,4,2184,0.004662752151489258,[1976]
rc101_3,19,100,6,1676,675,691,310,235,3,2211,0.0023512840270996094,[1676]
rc101_3,20,100,6,1687,666,711,310,227,3,2191,0.0025331974029541016,[1687]
rc101_3,21,100,6,1914,822,715,377,228,4,2187,0.003064393997192383,[1914]
rc101_3,22,100,6,2254,1042,724,488,240,5,2178,0.0038313865661621094,[2254]
rc101_3,23,100,6,3199,743,544,1912,238,4,2358,0.0031685829162597656,[3199]
rc101_3,24,100,6,1954,896,681,377,237,4,2221,0.004836082458496094,[1954]
rc101_3,25,100,6,3380,746,700,1934,235,4,2202,0.0027723312377929688,[3380]
rc101_3,26,100,6,3378,732,712,1934,228,4,2190,0.002809762954711914,[3378]
rc101_3,27,100,6,1893,864,696,333,236,4,2206,0.003737211227416992,[1893]
rc101_3,28,100,6,1852,764,711,377,240,4,2191,0.002714395523071289,[1852]
rc101_3,29,100,6,1922,846,699,377,236,4,2203,0.0048847198486328125,[1922]
rc101_3,30,100,6,1905,719,713,473,237,4,2189,0.004431486129760742,[1905]
rc101_3,31,100,6,2027,834,720,473,239,4,2182,0.003036975860595703,[2027]
rc101_3,32,100,6,3602,930,716,1956,239,4,2186,0.0030591487884521484,[3602]
rc101_3,33,100,6,3506,849,723,1934,225,4,2179,0.0028879642486572266,[3506]
rc101_3,34,100,6,2679,683,692,1304,236,3,2210,0.0024459362030029297,[2679]
rc101_3,35,100,6,3429,804,691,1934,233,4,2211,0.0030183792114257812,[3429]
rc101_3,36,100,6,1863,814,716,333,220,4,2186,0.004806041717529297,[1863]
rc101_3,37,100,6,1968,936,699,333,236,4,2203,0.0033249855041503906,[1968]
rc101_3,38,100,6,2158,1019,695,444,240,5,2207,0.004097461700439453,[2158]
rc101_3,39,100,6,4406,1085,713,2608,234,5,2189,0.0038728713989257812,[4406]
rc101_3,40,100,6,2907,735,713,1459,224,4,2189,0.0027990341186523438,[2907]
rc101_3,41,100,6,2025,932,716,377,240,4,2186,0.0031042098999023438,[2025]
rc101_3,42,100,6,1888,852,703,333,240,4,2199,0.002775430679321289,[1888]
rc101_3,43,100,6,1977,919,681,377,240,4,2221,0.0031702518463134766,[1977]
rc101_3,44,100,6,2251,1105,702,444,239,5,2200,0.0037364959716796875,[2251]
rc101_3,45,100,6,2646,658,706,1282,240,3,2196,0.002143383026123047,[2646]
rc101_3,46,100,6,2620,628,710,1282,226,3,2192,0.0023849010467529297,[2620]
rc101_3,47,100,6,2274,1035,707,532,238,5,2195,0.0055959224700927734,[2274]
rc101_3,48,100,6,2210,1083,683,444,234,5,2219,0.003541707992553711,[2210]
rc101_3,49,100,6,1978,933,712,333,237,4,2190,0.004725933074951172,[1978]
pr8_2,0,144,6,408558,8558,0,400000,1992,5,14400,0.005059719085693359,[408558]
pr8_2,1,144,6,408462,8462,0,400000,1975,5,14400,0.004868268966674805,[408462]
pr8_2,2,144,6,408499,8499,0,400000,1970,5,14400,0.005087852478027344,[408499]
pr8_2,3,144,6,408332,8332,0,400000,1969,5,14400,0.00487065315246582,[408332]
pr8_2,4,144,6,408400,8400,0,400000,1986,5,14400,0.004801273345947266,[408400]
pr8_2,5,144,6,408691,8691,0,400000,1999,5,14400,0.005025148391723633,[408691]
pr8_2,6,144,6,408535,8535,0,400000,1990,5,14400,0.0050029754638671875,[408535]
pr8_2,7,144,6,408494,8494,0,400000,1993,5,14400,0.00867915153503418,[408494]
pr8_2,8,144,6,408526,8526,0,400000,1984,5,14400,0.00873422622680664,[408526]
pr8_2,9,144,6,408400,8400,0,400000,2000,5,14400,0.008801460266113281,[408400]
pr8_2,10,144,6,409008,9008,0,400000,1994,5,14400,0.004888057708740234,[409008]
pr8_2,11,144,6,408535,8535,0,400000,1978,5,14400,0.004944324493408203,[408535]
pr8_2,12,144,6,408790,8790,0,400000,2000,5,14400,0.004925966262817383,[408790]
pr8_2,13,144,6,408896,8896,0,400000,1994,5,14400,0.00510096549987793,[408896]
pr8_2,14,144,6,408512,8512,0,400000,1993,5,14400,0.008341789245605469,[408512]
pr8_2,15,144,6,408317,8317,0,400000,1983,5,14400,0.004820346832275391,[408317]
pr8_2,16,144,6,408311,8311,0,400000,1998,5,14400,0.004749774932861328,[408311]
pr8_2,17,144,6,408623,8623,0,400000,1993,5,14400,0.005074977874755859,[408623]
pr8_2,18,144,6,408548,8548,0,400000,1989,5,14400,0.008298873901367188,[408548]
pr8_2,19,144,6,408223,8223,0,400000,1978,5,14400,0.008797168731689453,[408223]
pr8_2,20,144,6,408658,8658,0,400000,1997,5,14400,0.008548974990844727,[408658]
pr8_2,21,144,6,408923,8923,0,400000,1994,5,14400,0.0049784183502197266,[408923]
pr8_2,22,144,6,408902,8902,0,400000,1999,5,14400,0.0052258968353271484,[408902]
pr8_2,23,144,6,408480,8480,0,400000,1973,5,14400,0.004935264587402344,[408480]
pr8_2,24,144,6,408183,8183,0,400000,2000,5,14400,0.00816202163696289,[408183]
pr8_2,25,144,6,408736,8736,0,400000,1996,5,14400,0.06443452835083008,[408736]
pr8_2,26,144,6,408478,8478,0,400000,1985,5,14400,0.00506901741027832,[408478]
pr8_2,27,144,6,408236,8236,0,400000,1999,5,14400,0.004782676696777344,[408236]
pr8_2,28,144,6,408577,8577,0,400000,1995,5,14400,0.004845857620239258,[408577]
pr8_2,29,144,6,408573,8573,0,400000,1996,5,14400,0.00496363639831543,[408573]
pr8_2,30,144,6,408359,8359,0,400000,1993,5,14400,0.004948616027832031,[408359]
pr8_2,31,144,6,408555,8555,0,400000,1966,5,14400,0.004996776580810547,[408555]
pr8_2,32,144,6,408633,8633,0,400000,1997,5,14400,0.00493311882019043,[408633]
pr8_2,33,144,6,408015,8015,0,400000,1983,5,14400,0.004678964614868164,[408015]
pr8_2,34,144,6,408496,8496,0,400000,1991,5,14400,0.004809379577636719,[408496]
pr8_2,35,144,6,408590,8590,0,400000,1999,5,14400,0.008697032928466797,[408590]
pr8_2,36,144,6,408634,8634,0,400000,1988,5,14400,0.008797168731689453,[408634]
pr8_2,37,144,6,408428,8428,0,400000,1996,5,14400,0.008573770523071289,[408428]
pr8_2,38,144,6,408604,8604,0,400000,1998,5,14400,0.0048007965087890625,[408604]
pr8_2,39,144,6,408974,8974,0,400000,1986,5,14400,0.005081653594970703,[408974]
pr8_2,40,144,6,408365,8365,0,400000,1979,5,14400,0.004883766174316406,[408365]
pr8_2,41,144,6,408596,8596,0,400000,1989,5,14400,0.00501561164855957,[408596]
pr8_2,42,144,6,408461,8461,0,400000,2000,5,14400,0.005028247833251953,[408461]
pr8_2,43,144,6,408651,8651,0,400000,1993,5,14400,0.00821375846862793,[408651]
pr8_2,44,144,6,408195,8195,0,400000,1980,5,14400,0.008721590042114258,[408195]
pr8_2,45,144,6,408868,8868,0,400000,1973,5,14400,0.005174398422241211,[408868]
pr8_2,46,144,6,408512,8512,0,400000,1974,5,14400,0.005042314529418945,[408512]
pr8_2,47,144,6,408742,8742,0,400000,1997,5,14400,0.005056619644165039,[408742]
pr8_2,48,144,6,408546,8546,0,400000,1974,5,14400,0.005017518997192383,[408546]
pr8_2,49,144,6,408481,8481,0,400000,1982,5,14400,0.004876613616943359,[408481]
gil250_1,0,249,1,102477,2477,0,100000,1302,2,9090,0.005160093307495117,[102477]
gil250_1,1,249,1,202883,2883,0,200000,1305,3,9141,0.007161855697631836,[202883]
gil250_1,2,249,1,203536,3536,0,200000,1300,3,9093,0.013273954391479492,[203536]
gil250_1,3,249,1,203797,3797,0,200000,1295,3,9154,0.01564311981201172,[203797]
gil250_1,4,249,1,203619,3619,0,200000,1297,3,9128,0.0175168514251709,[203619]
gil250_1,5,249,1,202888,2888,0,200000,1305,3,9081,0.006777048110961914,[202888]
gil250_1,6,249,1,102324,2324,0,100000,1296,2,9153,0.006054401397705078,[102324]
gil250_1,7,249,1,203376,3376,0,200000,1298,3,9085,0.06723809242248535,[203376]
gil250_1,8,249,1,203455,3455,0,200000,1299,3,9084,0.014809846878051758,[203455]
gil250_1,9,249,1,202829,2829,0,200000,1281,3,9094,0.01179194450378418,[202829]
gil250_1,10,249,1,203226,3226,0,200000,1302,3,9117,0.007250308990478516,[203226]
gil250_1,11,249,1,203000,3000,0,200000,1303,3,9104,0.01254582405090332,[203000]
gil250_1,12,249,1,102262,2262,0,100000,1289,2,9132,0.005254507064819336,[102262]
gil250_1,13,249,1,202967,2967,0,200000,1303,3,9094,0.01179194450378418,[202967]
gil250_1,14,249,1,203580,3580,0,200000,1305,3,9156,0.008142709732055664,[203580]
gil250_1,15,249,1,202733,2733,0,200000,1299,3,9128,0.005777597427368164,[202733]
gil250_1,16,249,1,102462,2462,0,100000,1305,2,9096,0.004743099212646484,[102462]
gil250_1,17,249,1,102535,2535,0,100000,1286,2,9122,0.01256704330444336,[102535]
gil250_1,18,249,1,203489,3489,0,200000,1279,3,9101,0.007909774780273438,[203489]
gil250_1,19,249,1,102434,2434,0,100000,1303,2,9085,0.005059480667114258,[102434]
gil250_1,20,249,1,102501,2501,0,100000,1305,2,9134,0.0727396011352539,[102501]
gil250_1,21,249,1,203237,3237,0,200000,1304,3,9115,0.005916595458984375,[203237]
gil250_1,22,249,1,102409,2409,0,100000,1300,2,9110,0.012574911117553711,[102409]
gil250_1,23,249,1,102452,2452,0,100000,1302,2,9125,0.0047607421875,[102452]
gil250_1,24,249,1,102533,2533,0,100000,1302,2,9135,0.0060405731201171875,[102533]
gil250_1,25,249,1,102537,2537,0,100000,1293,2,9096,0.006049156188964844,[102537]
gil250_1,26,249,1,102439,2439,0,100000,1288,2,9145,0.012207269668579102,[102439]
gil250_1,27,249,1,102505,2505,0,100000,1300,2,9083,0.006301403045654297,[102505]
gil250_1,28,249,1,202727,2727,0,200000,1291,3,9157,0.012054204940795898,[202727]
gil250_1,29,249,1,203714,3714,0,200000,1284,3,9085,0.0065844058990478516,[203714]
gil250_1,30,249,1,202710,2710,0,200000,1304,3,9102,0.00534510612487793,[202710]
gil250_1,31,249,1,203788,3788,0,200000,1269,3,9140,0.013739347457885742,[203788]
gil250_1,32,249,1,102406,2406,0,100000,1295,2,9147,0.005533456802368164,[102406]
gil250_1,33,249,1,102210,2210,0,100000,1303,2,9082,0.011991024017333984,[102210]
gil250_1,34,249,1,102189,2189,0,100000,1289,2,9130,0.005609750747680664,[102189]
gil250_1,35,249,1,203320,3320,0,200000,1284,3,9105,0.007497072219848633,[203320]
gil250_1,36,249,1,102435,2435,0,100000,1297,2,9175,0.005490541458129883,[102435]
gil250_1,37,249,1,102392,2392,0,100000,1292,2,9085,0.006047725677490234,[102392]
gil250_1,38,249,1,102258,2258,0,100000,1303,2,9100,0.006786823272705078,[102258]
gil250_1,39,249,1,102177,2177,0,100000,1284,2,9092,0.0059397220611572266,[102177]
gil250_1,40,249,1,102206,2206,0,100000,1266,2,9085,0.0056269168853759766,[102206]
gil250_1,41,249,1,102462,2462,0,100000,1273,2,9108,0.011584043502807617,[102462]
gil250_1,42,249,1,102481,2481,0,100000,1300,2,9089,0.006087779998779297,[102481]
gil250_1,43,249,1,102288,2288,0,100000,1299,2,9092,0.005949258804321289,[102288]
gil250_1,44,249,1,102381,2381,0,100000,1276,2,9112,0.005978584289550781,[102381]
gil250_1,45,249,1,102369,2369,0,100000,1296,2,9116,0.01141214370727539,[102369]
gil250_1,46,249,1,202943,2943,0,200000,1300,3,9086,0.005384922027587891,[202943]
gil250_1,47,249,1,203026,3026,0,200000,1277,3,9086,0.01251840591430664,[203026]
gil250_1,48,249,1,203210,3210,0,200000,1299,3,9098,0.005518913269042969,[203210]
gil250_1,49,249,1,102423,2423,0,100000,1303,2,9112,0.006131887435913086,[102423]
gil262_1,0,249,13,7588,2657,2995,1936,316,10,9111,0.006089925765991211,[7588]
gil262_1,1,249,13,6512,2257,2907,1348,317,8,9199,0.00610661506652832,[6512]
gil262_1,2,249,13,8156,2850,2972,2334,320,10,9134,0.013595104217529297,[8156]
gil262_1,3,249,13,7673,2788,2957,1928,320,10,9149,0.0124664306640625,[7673]
gil262_1,4,249,13,8810,3193,2993,2624,320,11,9113,0.006055593490600586,[8810]
gil262_1,5,249,13,7051,2654,3025,1372,318,9,9081,0.006527423858642578,[7051]
gil262_1,6,249,13,8730,3370,2976,2384,319,11,9130,0.03140974044799805,[8730]
gil262_1,7,249,13,7779,3324,3025,1430,319,11,9081,1.2488477230072021,[7779]
gil262_1,8,249,13,8306,3041,2983,2282,319,10,9123,0.005989789962768555,[8306]
gil262_1,9,249,13,8244,2902,3002,2340,320,10,9104,0.005757570266723633,[8244]
gil262_1,10,249,13,6948,2657,3005,1286,319,9,9101,0.015563249588012695,[6948]
gil262_1,11,249,13,7785,2656,2999,2130,319,9,9107,0.005681276321411133,[7785]
gil262_1,12,249,13,7397,2674,3011,1712,320,10,9095,0.006190061569213867,[7397]
gil262_1,13,249,13,6851,2441,2996,1414,319,8,9110,0.0061342716217041016,[6851]
gil262_1,14,249,13,7640,2890,2990,1760,319,10,9116,0.0059659481048583984,[7640]
gil262_1,15,249,13,7493,2895,2996,1602,317,10,9110,0.005780458450317383,[7493]
gil262_1,16,249,13,7657,3379,3018,1260,318,11,9088,0.007416963577270508,[7657]
gil262_1,17,249,13,7573,2875,2990,1708,320,10,9116,0.00617527961730957,[7573]
gil262_1,18,249,13,7830,2951,3007,1872,320,10,9099,0.005472421646118164,[7830]
gil262_1,19,249,13,7262,2678,2988,1596,318,9,9118,0.0060808658599853516,[7262]
gil262_1,20,249,13,8046,3188,2998,1860,316,11,9108,0.00665593147277832,[8046]
gil262_1,21,249,13,6585,2458,2951,1176,320,8,9155,0.012387990951538086,[6585]
gil262_1,22,249,13,7596,2887,2715,1994,320,10,9391,0.013480663299560547,[7596]
gil262_1,23,249,13,7178,2454,3020,1704,320,8,9086,0.01241612434387207,[7178]
gil262_1,24,249,13,7366,2477,3003,1886,316,9,9103,0.005693197250366211,[7366]
gil262_1,25,249,13,6978,2536,3000,1442,318,9,9106,0.005885124206542969,[6978]
gil262_1,26,249,13,7366,2597,3001,1768,320,9,9105,0.005383729934692383,[7366]
gil262_1,27,249,13,7142,2461,3013,1668,319,8,9093,0.00543975830078125,[7142]
gil262_1,28,249,13,7604,2641,2953,2010,320,9,9153,0.006990909576416016,[7604]
gil262_1,29,249,13,7860,3085,2991,1784,315,11,9115,0.006486654281616211,[7860]
gil262_1,30,249,13,7842,2984,2996,1862,320,10,9110,0.005730152130126953,[7842]
gil262_1,31,249,13,7135,2903,3002,1230,320,10,9104,0.007253885269165039,[7135]
gil262_1,32,249,13,7247,3061,3000,1186,318,10,9106,0.006993770599365234,[7247]
gil262_1,33,249,13,7718,2640,3002,2076,320,9,9104,0.03977227210998535,[7718]
gil262_1,34,249,13,8280,2936,2976,2368,319,10,9130,0.006142854690551758,[8280]
gil262_1,35,249,13,7713,3212,2979,1522,319,11,9127,0.006385087966918945,[7713]
gil262_1,36,249,13,8509,3384,2951,2174,319,11,9155,1.328244924545288,[8509]
gil262_1,37,249,13,8153,2841,3006,2306,319,10,9100,0.013191699981689453,[8153]
gil262_1,38,249,13,7249,2406,2985,1858,319,8,9121,0.012778043746948242,[7249]
gil262_1,39,249,13,8216,3261,3001,1954,320,11,9105,0.005961179733276367,[8216]
gil262_1,40,249,13,8151,3214,2975,1962,320,11,9131,0.01369476318359375,[8151]
gil262_1,41,249,13,8748,3146,3004,2598,319,11,9102,0.006810903549194336,[8748]
gil262_1,42,249,13,7585,2616,2919,2050,320,9,9187,0.006490230560302734,[7585]
gil262_1,43,249,13,8133,3246,2973,1914,317,11,9133,0.012346506118774414,[8133]
gil262_1,44,249,13,8266,3031,3009,2226,319,11,9097,0.006170034408569336,[8266]
gil262_1,45,249,13,8091,2947,3018,2126,318,10,9088,0.005705833435058594,[8091]
gil262_1,46,249,13,7522,3208,2980,1334,320,11,9126,0.01448678970336914,[7522]
gil262_1,47,249,13,7463,2900,2995,1568,320,10,9111,0.012874364852905273,[7463]
gil262_1,48,249,13,7554,2703,3017,1834,320,9,9089,0.00678253173828125,[7554]
gil262_1,49,249,13,8377,3231,2978,2168,318,11,9128,0.006514072418212891,[8377]
a280_1,0,279,10,904893,4893,0,900000,514,10,27900,0.011564016342163086,[904893]
a280_1,1,279,10,905011,5011,0,900000,513,10,27900,0.011447668075561523,[905011]
a280_1,2,279,10,905046,5046,0,900000,514,10,27900,0.011445283889770508,[905046]
a280_1,3,279,10,1005309,5309,0,1000000,510,11,27900,0.016719818115234375,[1005309]
a280_1,4,279,10,1005249,5249,0,1000000,513,11,27900,0.01700139045715332,[1005249]
a280_1,5,279,10,1005293,5293,0,1000000,513,11,27900,0.01396036148071289,[1005293]
a280_1,6,279,10,904822,4822,0,900000,515,10,27900,0.010907173156738281,[904822]
a280_1,7,279,10,904914,4914,0,900000,515,10,27900,0.015074014663696289,[904914]
a280_1,8,279,10,904972,4972,0,900000,514,10,27900,0.0177152156829834,[904972]
a280_1,9,279,10,904877,4877,0,900000,515,10,27900,0.017096519470214844,[904877]
a280_1,10,279,10,905079,5079,0,900000,515,10,27900,0.058002471923828125,[905079]
a280_1,11,279,10,1005290,5290,0,1000000,515,11,27900,0.01195526123046875,[1005290]
a280_1,12,279,10,904860,4860,0,900000,513,10,27900,0.016449689865112305,[904860]
a280_1,13,279,10,1005262,5262,0,1000000,510,11,27900,0.017128705978393555,[1005262]
a280_1,14,279,10,904891,4891,0,900000,515,10,27900,0.015392065048217773,[904891]
a280_1,15,279,10,1005210,5210,0,1000000,514,11,27900,0.011787652969360352,[1005210]
a280_1,16,279,10,905008,5008,0,900000,515,10,27900,0.016686677932739258,[905008]
a280_1,17,279,10,1005137,5137,0,1000000,513,11,27900,0.016712665557861328,[1005137]
a280_1,18,279,10,1105631,5631,0,1100000,514,12,27900,0.012172698974609375,[1105631]
a280_1,19,279,10,1005146,5146,0,1000000,512,11,27900,0.011480331420898438,[1005146]
a280_1,20,279,10,1005137,5137,0,1000000,514,11,27900,0.011789083480834961,[1005137]
a280_1,21,279,10,904841,4841,0,900000,511,10,27900,0.011223554611206055,[904841]
a280_1,22,279,10,904967,4967,0,900000,512,10,27900,0.011060476303100586,[904967]
a280_1,23,279,10,904865,4865,0,900000,513,10,27900,0.01151585578918457,[904865]
a280_1,24,279,10,1005228,5228,0,1000000,514,11,27900,0.012024164199829102,[1005228]
a280_1,25,279,10,1005447,5447,0,1000000,513,11,27900,0.011737346649169922,[1005447]
a280_1,26,279,10,1005234,5234,0,1000000,515,11,27900,0.012386083602905273,[1005234]
a280_1,27,279,10,1005281,5281,0,1000000,514,11,27900,0.011998653411865234,[1005281]
a280_1,28,279,10,1005186,5186,0,1000000,513,11,27900,0.01851344108581543,[1005186]
a280_1,29,279,10,1005445,5445,0,1000000,514,11,27900,0.016706466674804688,[1005445]
a280_1,30,279,10,1005154,5154,0,1000000,510,11,27900,0.011573314666748047,[1005154]
a280_1,31,279,10,904772,4772,0,900000,515,10,27900,0.016489744186401367,[904772]
a280_1,32,279,10,905020,5020,0,900000,513,10,27900,0.016518115997314453,[905020]
a280_1,33,279,10,1005183,5183,0,1000000,515,11,27900,0.015784502029418945,[1005183]
a280_1,34,279,10,1005317,5317,0,1000000,515,11,27900,0.011833906173706055,[1005317]
a280_1,35,279,10,1005255,5255,0,1000000,514,11,27900,0.011610984802246094,[1005255]
a280_1,36,279,10,904957,4957,0,900000,511,10,27900,0.010950326919555664,[904957]
a280_1,37,279,10,904986,4986,0,900000,514,10,27900,0.01552581787109375,[904986]
a280_1,38,279,10,904873,4873,0,900000,515,10,27900,0.011451005935668945,[904873]
a280_1,39,279,10,904814,4814,0,900000,515,10,27900,0.017321109771728516,[904814]
a280_1,40,279,10,904985,4985,0,900000,514,10,27900,0.018756628036499023,[904985]
a280_1,41,279,10,904860,4860,0,900000,515,10,27900,0.018558979034423828,[904860]
a280_1,42,279,10,904910,4910,0,900000,515,10,27900,0.05834388732910156,[904910]
a280_1,43,279,10,904628,4628,0,900000,515,10,27900,0.01622462272644043,[904628]
a280_1,44,279,10,904722,4722,0,900000,515,10,27900,0.015932559967041016,[904722]
a280_1,45,279,10,904854,4854,0,900000,514,10,27900,0.010949134826660156,[904854]
a280_1,46,279,10,1005158,5158,0,1000000,515,11,27900,0.013713836669921875,[1005158]
a280_1,47,279,10,904934,4934,0,900000,512,10,27900,0.013461589813232422,[904934]
a280_1,48,279,10,904901,4901,0,900000,515,10,27900,0.011338233947753906,[904901]
a280_1,49,279,10,904995,4995,0,900000,510,10,27900,0.012335062026977539,[904995]
